source_relative_path,source_sha256,classification,target_relative_path,action
scripts/env.sh,88919d1536e448df724f4c4a92721cab66f83cd9da2262a754736eaf3a5818e3,CORE_ENVIRONMENT,scripts/workflow/env.sh,PORTED_WITH_PATH_REFACTOR
scripts/bootstrap.sh,0d7384f37f141f678ac86ab40fce6b9ae5812d735c899ddfedad2722a7d17106,CORE_ENVIRONMENT,scripts/workflow/bootstrap_ildconfig.sh,PORTED_WITH_PATH_REFACTOR
scripts/prepare_inputs.sh,6a05cdefd637c610fd1c92bb9597ba968b6cec8b45696565e59be2da2a921904,CORE_INPUTS,scripts/workflow/prepare_inputs.sh,PORTED_WITH_PATH_REFACTOR
scripts/run_chain.sh,8553e635f5613b17058396eaf1433d93db96a20a42e5f2c26e6c86355a3e93e1,CORE_SIM_REC,scripts/workflow/run_chain.sh,PORTED_WITH_PATH_REFACTOR
scripts/check_outputs.sh,76adf593eb5fd3c43d7e0bac37a2e375e3769021c252d13642283ae16dc9f307,CORE_VALIDATION,scripts/validation/validate_outputs.sh,PORTED_WITH_PATH_REFACTOR
scripts/run_truthlink_linker_v1.py,3a54e83360ce44d46fa92933ebc23e978a395338789a1454060c4b8ddf61851e,CORE_TRUTHLINK,scripts/workflow/run_truthlink_linker_v1.py,COPIED_UNCHANGED
scripts/extract_truthlink_assignments.py,12df733df51eefddf0231feea75865e81d3d35850bdb1ac2c65643c16139c34c,CORE_LDIRECT_PRODUCT,scripts/workflow/extract_truthlink_assignments.py,PORTED_WITH_PATH_REFACTOR
scripts/extract_truthlink_assignments_pythia.py,dae604b0a85823b4c16fd0beaf939ed87f93f724bdd3480a284bfb5fe4d5765b,CORE_LDIRECT_PRODUCT,scripts/workflow/extract_truthlink_assignments_pythia.py,PORTED_WITH_PATH_REFACTOR
scripts/create_truthlink_condor_queue.py,87bf58a9866f86d41e23a4b7ecbc69a4b505af0e66be2c4f7ad31cfae3491165,CORE_MANIFEST,scripts/workflow/build_truthlink_queue.py,PORTED_WITH_PATH_REFACTOR
scripts/extract_pythia_Lancestor.py,079c2ce4c09adb32c239466fed75a4bc513b951e08302b6d4f795ffa8a3aa778,CORE_LANCESTOR_PRODUCT,scripts/workflow/extract_lancestor_assignments.py,PORTED_WITH_PATH_REFACTOR
modules/truthlink_assignment.py,c1ad7f99ceb7917e0185ce4b2b8425f6d3be56891681b3169a2d6ad3980be8e8,CORE_SCIENTIFIC_MODULE,src/fcc_tau_workflow/truthlink_assignment.py,COPIED_UNCHANGED
modules/truthlink_ancestor_assignment.py,6fcee2169c7d095a5181a4d9044b2cefe50853da870fee921979985788f5edab,CORE_SCIENTIFIC_MODULE,src/fcc_tau_workflow/truthlink_ancestor_assignment.py,COPIED_UNCHANGED
config/truthlink_assignment_v1.yaml,8b050477c515bf0c2df8fa14a9774cecdd99bf7197656f1ed883bb642cbf055e,FROZEN_CONTRACT,configs/truthlink/assignment_v1.yaml,COPIED_UNCHANGED
config/truthlink_ancestor_assignment_v1.yaml,50b160e568446888ecb24aad15436b1f0b29090e2dc166195c097a540a76e28f,FROZEN_CONTRACT,configs/truthlink/ancestor_assignment_v1.yaml,COPIED_UNCHANGED
config/ILDConfig.commit,8b483769757be879149866455eef131784e04ee9cbf04a2a1fdba622b515d677,DEPENDENCY_PIN,configs/detector/ILDConfig.commit,COPIED_UNCHANGED
tests/test_truthlink_assignment.py,b6d2e090277d411bc3003b55261ea4bbf11a287136ec3677f9a442eefbcec3c3,UNIT_TEST,tests/unit/test_truthlink_assignment.py,PORTED_WITH_PATH_REFACTOR
tests/test_truthlink_ancestor_assignment.py,cbd5e888feb7e01afcfa9ad88373d327b09c7aaae2d6e8ef6459ed42cbbf0528,UNIT_TEST,tests/unit/test_truthlink_ancestor_assignment.py,PORTED_WITH_PATH_REFACTOR
condor/run_tautau_job.sh,2adff0206a6cae46d650713b268f08cb53a3d54cc7e6b2792b8b2f60fbd4b908,CONDOR_WRAPPER,condor/wrappers/run_tautau_job.sh,PORTED_WITH_PATH_REFACTOR
condor/tautau.sub,ec9ed6e3aded01e39e2d5e93ec984e77f1879248b4afb61fea2c9b577ce093f3,CONDOR_TEMPLATE,condor/templates/tautau.sub,PORTED_WITH_PATH_REFACTOR
condor/run_pythia_reco_job.sh,be0f8935ca48fb6dbb198146cea54f92dd62adb5cf5456c8ff4a600897fa292a,CONDOR_WRAPPER,scripts/workflow/run_pythia_reco_job.sh,PORTED_WITH_PATH_REFACTOR
condor/pythia_sim_ourreco.sub,670185fd1ddb05b0b47c4dc574ebb319538f3067dfdc510d0abced9fc547a307,CONDOR_TEMPLATE,condor/templates/pythia_reco.sub,PORTED_WITH_PATH_REFACTOR
condor/run_truthlink_assignment_job.sh,383d3b16bccec1343a94d6597c817a89ab1981986cb5466731fe2bec9377628a,CONDOR_WRAPPER,condor/wrappers/run_truthlink_assignment_job.sh,PORTED_WITH_PATH_REFACTOR
condor/truthlink_assignment_v1.sub,638725121cff27c45cd738cd2b29798b639f09e000a4367b85048c0d45d04222,CONDOR_TEMPLATE,condor/templates/truthlink_assignment_v1.sub,PORTED_WITH_PATH_REFACTOR
condor/run_pythia_truthlink_assignment_job.sh,fba73b2baea5cab93b183f4adede8dd013b22f175004ecc673edc49cfa7a51cb,CONDOR_WRAPPER,condor/wrappers/run_pythia_truthlink_assignment_job.sh,PORTED_WITH_PATH_REFACTOR
condor/pythia_truthlink_assignment_v1.sub,63120fe90d6e6d6a3688e994456092894c0c82759db4c3f107be4c890d28e102,CONDOR_TEMPLATE,condor/templates/pythia_truthlink_assignment_v1.sub,PORTED_WITH_PATH_REFACTOR
condor/run_pythia_Lancestor_job.sh,4d9def692853abc44d77b13ad80af4f5d01805504505ba77264aa7a11683630c,CONDOR_WRAPPER,condor/wrappers/run_lancestor_job.sh,PORTED_WITH_PATH_REFACTOR
condor/pythia_Lancestor_v1.sub,b7a456901e66835a540e11966ab137c09fe35921c0798f88464b5de7d1cde135,CONDOR_TEMPLATE,condor/templates/lancestor_v1.sub,PORTED_WITH_PATH_REFACTOR
config/ILDConfig/StandardConfig/production/ddsim_steer.py,fdaa1a29fcf9ac704e18df5c69e7813abf7389b4a082991c337615778bce4cfd,EXTERNAL_STEERING,configs/detector/ild_fccee_v01.yaml,REFERENCE_ONLY
config/ILDConfig/StandardConfig/production/ILDReconstruction.py,ef635d6bd3b1eb9010226df4700bae7bce3ac6a5a2c3bb9f461bfeaca4b0eb2a,EXTERNAL_STEERING,configs/detector/ild_fccee_v01.yaml,REFERENCE_ONLY
docs/ILD20260821_2K_PRODUCTION_SUMMARY.md,dcb9d36aa0660423f3233e17d5e9f2eb5b37b169055a4596c47c2d36ffa335be,PROVENANCE_SOURCE,PROVENANCE.md,REFERENCE_ONLY
docs/TRUTHLINK_PFO_TO_MC_ASSIGNMENT_RECIPE_V1_20260825.md,546cc1a368a394dd9fee0c903487e0ca4f399d18359d5b9163360ee4cadcdffc,PROVENANCE_SOURCE,PROVENANCE.md,REFERENCE_ONLY
docs/TRUTHLINK_ANCESTOR_PFO_TO_MC_ASSIGNMENT_RECIPE_V1_20260825.md,b04d9c7a6117d48b27e6308d8c47e06a009e54be82ad04a78f7286dd4720a24b,PROVENANCE_SOURCE,PROVENANCE.md,REFERENCE_ONLY
condor/tautau_2k_trial.sub,fa8f63c7e10c292fd186ad80539c02f3af3026758accbb7784362aeddb663490,HISTORICAL_TRIAL,,REFERENCE_ONLY
condor/tautau_2k_trial_002.sub,195d276c0656e64eac78ede814bbcf03b78b04cd63ba57bc6b84ae2d04b49b7e,HISTORICAL_TRIAL,,REFERENCE_ONLY
condor/pythia_sim_ourreco_pilot.sub,5b9db4c4eb4e5c69fd17aa60a42c7dc4ed365fa287fcb2d47c85cb5acbd88ddb,HISTORICAL_TRIAL,,REFERENCE_ONLY
scripts/extract_G_Ldirect_Lancestor.py,59371ac3950a96a56e5484b125340b8bb1fd7a95fcabd2f7b50529f0737a12dc,EXCLUDED_G_ANALYSIS,,NOT_PORTED
modules/truth_association_comparison.py,7be630eb9d4b18c6f16e1b08eb725c43a64dcc538257e8ff9bdad850eba31101,EXCLUDED_G_ANALYSIS,,NOT_PORTED
tests/test_truth_association_comparison.py,7b8e43a922fda4aef0402e490372099ed55066891b68e1ab227b41489286d58f,EXCLUDED_G_ANALYSIS,,NOT_PORTED
condor/run_G_Ldirect_Lancestor_job.sh,81293d0703de53455d57f9b7fd838460214a1da8c05d8bff2dbf471d412ab66d,EXCLUDED_G_ANALYSIS,,NOT_PORTED
condor/truth_comparison_G_Ldirect_Lancestor_v1.sub,9540e04d6d3c75855490470c9bd9874aace35fdbc8fe71dd418a5fe303fa4fbe,EXCLUDED_G_ANALYSIS,,NOT_PORTED
scripts/produce_migration_matrices.py,10b294045d26dd77f3a6555a2eab9bd19100cba5dbc2687520378453df261d20,EXCLUDED_SCIENTIFIC_ANALYSIS,,NOT_PORTED
scripts/audit_tau_topology_equalstats.py,14fc53964b2b1ae08406f35327fb779b56cb0f87ea4f26ee4065a53f2d6113b4,EXCLUDED_SCIENTIFIC_ANALYSIS,,NOT_PORTED
scripts/audit_pid_equalstats.py,68fd14254e92fc6c9e1f6737eb9a9a93206548bd4f4edb159c886c10203c5fd3,EXCLUDED_SCIENTIFIC_ANALYSIS,,NOT_PORTED
scripts/audit_pfo_reconstruction_efficiency_equalstats.py,09acf94c74e07f418a2bf2500d50daef6b15be84f77978a1b083f4dec19078bf,EXCLUDED_SCIENTIFIC_ANALYSIS,,NOT_PORTED
scripts/audit_photon_origin_discovery_equalstats.py,06cbf7a60ce4e91d0b8a97c51cbbb8987f1d950b312116f6c2bc3977b71f5183,EXCLUDED_SCIENTIFIC_ANALYSIS,,NOT_PORTED
scripts/audit_photon_origin_reco_equalstats.py,f5b8374be6a1c9078c946dcf21b1471e7380992ae71fe14450e8387a038862e2,EXCLUDED_SCIENTIFIC_ANALYSIS,,NOT_PORTED
tests/reco_mc_truth_linker_fcc_1evt.py,faa5bd134e981b456a54cf5cf46d1c1b700b8147d4d7948f49b95ca713ab341d,HISTORICAL_DIAGNOSTIC,,NOT_PORTED
tests/reco_mc_truth_linker_fcc_100evt.py,e27004b001510f6e1b4f689f66bcbcbd1b8079a89a2032db3817b5d0821d89fc,HISTORICAL_DIAGNOSTIC,,NOT_PORTED
